"GeneID","baseMean","log2FoldChange","lfcSE","pvalue","padj","abiotic_stress_related_genes","gene_name","remarks","references"
"AT1G01940",559.247801191913,0.829515928295131,0.175780278959536,0.00000122757194347766,0.00000599153595564423,"temperature_stress_(heat_stress)","CYP18-1","Heat stress induced cyclophilin involved in splicing of retained introns.Modulates phosphorylation status of PRP18 to modulate the splicosome activity under heat stress.","Jo, S. H., Park, H. J., Lee, A., Jung, H., Park, J. M., Kwon, S. Y., ... & Cho, H. S. (2022). The Arabidopsis cyclophilin CYP18-1 facilitates PRP18 dephosphorylation and the splicing of introns retained under heat stress. The Plant Cell, 34(6), 2383-2403."
"AT1G06460",8650.87072875415,-0.540905407623008,0.148475053191305,0.000195407502096871,0.000674254839443234,"temperature_stress_(heat_stress)","ACD32.1","encodes an alpha-crystallin domain containing protein with homology to small heat shock proteins.","Chandler, J. W., & Melzer, S. (2004). An α‐crystallin gene, ACD31. 2 from Arabidopsis is negatively regulated by FPF1 overexpression, floral induction, gibberellins, and long days. Journal of experimental botany, 55(401), 1433-1435."
"AT1G08830",1092.66509592288,0.781595618382307,0.248611554561037,0.000868813573980466,0.00263459003427188,"ozone_stress","CSD1","Encodes a cytosolic copper/zinc superoxide dismutase CSD1 that can detoxify superoxide radicals. Its expression is affected by miR398-directed mRNA cleavage. Regulated by biotic and abiotic stress. Activation of CSD1 in the cytoplasm involves both a CCS-dependent and -independent pathway.","Remans, T., Opdenakker, K., Guisez, Y., Carleer, R., Schat, H., Vangronsveld, J., & Cuypers, A. (2012). Exposure of Arabidopsis thaliana to excess Zn reveals a Zn-specific oxidative stress signature. Environmental and Experimental Botany, 84, 61-71."
"AT1G16590",225.887989042971,-0.323114498154822,0.142180064843646,0.0205021911001117,0.0446629281949828,"radiation_stress_(uv-b)","REV7","putative translesion synthesis polymerase zeta subunit, homologous to Y-family DNA polymerases, contains BRCT domain. Mutants are sensitive to UV-B radiation. Gene is involved in damage-tolerance mechanisms through translesion synthesis(TLS).","Takahashi, S., Sakamoto, A., Sato, S., Kato, T., Tabata, S., & Tanaka, A. (2005). Roles of Arabidopsis AtREV1 and AtREV7 in translesion synthesis. Plant Physiology, 138(2), 870-881."
"AT1G77510",3010.98496967565,2.44343584160475,0.154390372349706,0.00000000000000000000000000000000000000000000000000000000209167576577304,0.000000000000000000000000000000000000000000000000000000320026392163275,"excess_light_stress_(photoinhibithion)","PDIL1-2","Encodes a protein disulfide isomerase-like (PDIL) protein, a member of a multigene family within the thioredoxin (TRX) superfamily. Transcript levels for this gene are up-regulated in response to three different chemical inducers of ER stress (dithiothreitol, beta-mercaptoethanol, and tunicamycin). AtIRE1-2 does not appear to be required for this response, but the atbzip60 mutant has a diminished response. This protein has been shown to be an attenuator of D1 synthesis, modulating photoinhibition in a light-regulated manner.","Lu, Y. (2016). Identification and roles of photosystem II assembly, stability, and repair factors in Arabidopsis. Frontiers in plant science, 7, 168."
"AT2G04030",1148.73070025689,1.76970637988358,0.16183647859046,0.000000000000000000000000000111337467955168,0.00000000000000000000000000353389272512112,"temperature_stress_(heat_stress)","HSP90-5","Encodes a chloroplast-targeted 90-kDa heat shock protein located in the stroma involved in red-light mediated deetiolation response and crucial for protein import into the chloroplast stroma. Mutants are resistant to chlorate, have elongated hypocotyls in light, and affect the expression of NR2, CAB, and RBCS but NOT NR1 and NiR.","Danilova, M. N., Kudryakova, N. V., Doroshenko, A. S., Zabrodin, D. A., Vinogradov, N. S., & Kuznetsov, V. V. (2016). Molecular and physiological responses of Arabidopsis thaliana plants deficient in the genes responsible for ABA and cytokinin reception and metabolism to heat shock. Russian Journal of Plant Physiology, 63, 308-318."
"AT2G05590",11.4575500920545,-1.53438189089931,0.645325252294873,0.00269926981972313,0.0073266018646394,"oxidative_stress","OXR2","TLDc domain protein that confers increased tolerance to oxidative stress.","Colombatti, F., Mencia, R., Garcia, L., Mansilla, N., Alemano, S., Andrade, A. M., ... & Welchen, E. (2019). The mitochondrial oxidation resistance protein AtOXR2 increases plant biomass and tolerance to oxidative stress. Journal of Experimental Botany, 70(12), 3177-3195."
"AT2G26150",84.3617723782159,6.8398103442573,0.957047528796764,0.000000000000108835985226132,0.00000000000118033457492059,"temperature_stress_(heat_stress)","HSFA2","member of Heat Stress Transcription Factor (Hsf) family. Involved in response to misfolded protein accumulation in the cytosol. Regulated by alternative splicing and non-sense-mediated decay.","Evrard, A., Kumar, M., Lecourieux, D., Lucks, J., von Koskull-Döring, P., & Hirt, H. (2013). Regulation of the heat stress response in Arabidopsis by MPK6-targeted phosphorylation of the heat stress factor HsfA2. PeerJ, 1, e59."
"AT2G30950",32158.656582388,-0.264323856459044,0.112073953163985,0.016950557102823,0.0378388681228577,"excess_light_stress_(photoinhibithion)","VAR2","Metalloprotease that functions in thylakoid membrane biogenesis. Involved in the repair of PSII following damaged incurred during photoinhibition. Forms a complex with VAR1. Mutants show a variegated phenotype, which decreases during development. Transcript and protein levels increase with light intensity. In plsp1-1 mutant plastids, the nonmature form of the protein localizes in the membrane.","Rosso, D., Bode, R., Li, W., Krol, M., Saccon, D., Wang, S., ... & Huner, N. P. (2009). Photosynthetic redox imbalance governs leaf sectoring in the Arabidopsis thaliana variegation mutants immutans, spotty, var1, and var2. The Plant Cell, 21(11), 3473-3492."
"AT2G37040",2808.03424417212,2.45254064881879,0.143836227808557,0.00000000000000000000000000000000000000000000000000000000000000000310824290286781,0.000000000000000000000000000000000000000000000000000000000000000645680604968906,"radiation_stress_(uv-b)","PAL1","Encodes PAL1, a phenylalanine ammonia-lyase. Arabidopsis has four PALs: AT2G37040 (PAL1), AT3G53260 (PAL2), AT5G04230 (PAL3) and AT3G10340 (PAL4).","Zhang, X., Gou, M., Guo, C., Yang, H., & Liu, C. J. (2015). Down-regulation of Kelch domain-containing F-box protein in Arabidopsis enhances the production of (poly) phenols and tolerance to ultraviolet radiation. Plant Physiology, 167(2), 337-350."
"AT2G38340",62.8563778684407,3.72590233759918,0.624549820747597,0.000000000163403468765162,0.00000000128031954321333,"temperature_stress_(heat_stress)","DREB19","encodes a member of the DREB subfamily A-2 of ERF/AP2 transcription factor family. The protein contains one AP2 domain. There are eight members in this subfamily including DREB2A AND DREB2B that are involved in response to drought.","Krishnaswamy, S., Verma, S., Rahman, M. H., & Kav, N. N. (2011). Functional characterization of four APETALA2-family genes (RAP2. 6, RAP2. 6L, DREB19 and DREB26) in Arabidopsis. Plant molecular biology, 75, 107-127."
"AT2G43010",951.910278988489,-1.14670725225208,0.132735406739601,0.00000000000000000179341477647133,0.0000000000000000285149601453758,"radiation_stress_(uv-b)","PIF4 Transcription factor","Isolated as a semidominant mutation defective in red -light responses. Encodes a nuclear localized bHLH protein that interacts with active PhyB protein. Negatively regulates phyB mediated red light responses. Involved in shade avoidance response. Protein abundance is negatively regulated by PhyB.Involved in the regulation of response to nutrient levels. Controls the resistance to B. cinerea in a COI1- and EIN2-dependent manner.","Qian, C., Chen, Z., Liu, Q., Mao, W., Chen, Y., Tian, W., ... & Huang, X. (2020). Coordinated transcriptional regulation by the UV-B photoreceptor and multiple transcription factors for plant UV-B responses. Molecular plant, 13(5), 777-792."
"AT3G02990",191.207413125203,-0.459085884696754,0.174668047218306,0.00677777335878029,0.016764655091016,"temperature_stress_(heat_stress)","HSFA1E","member of Heat Stress Transcription Factor (Hsf) family The mRNA is cell-to-cell mobile.","Yoshida, T., Ohama, N., Nakajima, J., Kidokoro, S., Mizoi, J., Nakashima, K., ... & Yamaguchi-Shinozaki, K. (2011). Arabidopsis HsfA1 transcription factors function as the main positive regulators in heat shock-responsive gene expression. Molecular Genetics and Genomics, 286, 321-332."
"AT3G03380",6921.25895355963,-0.399150848261526,0.0796020371901494,0.000000428891668119355,0.00000222917229701335,"excess_light_stress_(photoinhibithion)","DEG7","Encodes a putative DegP protease. The mRNA is cell-to-cell mobile.","Sun, X., Fu, T., Chen, N., Guo, J., Ma, J., Zou, M., ... & Zhang, L. (2010). The stromal chloroplast Deg7 protease participates in the repair of photosystem II after photoinhibition in Arabidopsis. Plant physiology, 152(3), 1263-1273."
"AT3G06050",3216.28152332937,0.467557169852092,0.0989057828847136,0.00000183236562446901,0.00000867978755484012,"oxidative_stress","PRXIIF","Encodes a mitochondrial matrix localized peroxiredoxin involved in redox homeostasis. Knockout mutants have reduced root growth under certain oxidative stress conditions.","Finkemeier, I., Goodman, M., Lamkemeyer, P., Kandlbinder, A., Sweetlove, L. J., & Dietz, K. J. (2005). The mitochondrial type II peroxiredoxin F is essential for redox homeostasis and root growth of Arabidopsis thaliana under stress. Journal of Biological Chemistry, 280(13), 12168-12180."
"AT3G08970",309.49546075524,3.95806692838781,0.306693523483616,0.00000000000000000000000000000000000000401966663756559,0.000000000000000000000000000000000000236650926858153,"temperature_stress_(heat_stress)","ATERDJ3A","J domain protein localized in ER lumen. Can compensate for the growth defect in jem1 scj1 mutant yeast. Also shows similarity to HSP40 proteins and is induced by heat stress. At high temperatures, mutant alleles are not transmitted through the pollen due to defects in pollen tube growth.","Singh, M. B., Lohani, N., & Bhalla, P. L. (2021). The role of endoplasmic reticulum stress response in pollen development and heat stress tolerance. Frontiers in Plant Science, 12, 661062."
"AT3G10920",1773.90800985114,0.31625003026465,0.0755843815445622,0.0000256930121030201,0.00010291301963384,"oxidative_stress","MSD1","manganese superoxide dismutase (MSD1)","Xi, D. M., Liu, W. S., Yang, G. D., Wu, C. A., & Zheng, C. C. (2010). Seed‐specific overexpression of antioxidant genes in Arabidopsis enhances oxidative stress tolerance during germination and early seedling growth. Plant biotechnology journal, 8(7), 796-806."
"AT3G15850",4603.57486321425,-1.7807312245513,0.137117195184438,0.00000000000000000000000000000000000000212069879923934,0.000000000000000000000000000000000000127197124458602,"excess_light_stress_(photoinhibithion)","FAD5","Chloroplastic enzyme responsible for the synthesis of 16:1 fatty acids from galactolipids and sulpholipids. Uses ferredoxin as electron donor. The mRNA is cell-to-cell mobile.","Rea, A. C. (2020). More than just a FAD (5): unsaturated fatty acids in chloroplasts elicit protective autoimmunity."
"AT3G24520",307.638536043336,-1.02886635676422,0.231844058902621,0.00000323148058851849,0.0000148050135408349,"temperature_stress_(heat_stress)","HSFC1","member of Heat Stress Transcription Factor (Hsf) family","Albihlal, W. S., Obomighie, I., Blein, T., Persad, R., Chernukhin, I., Crespi, M., ... & Mullineaux, P. M. (2018). Arabidopsis HEAT SHOCK TRANSCRIPTION FACTORA1b regulates multiple developmental genes under benign and stress conditions. Journal of Experimental Botany, 69(11), 2847-2862."
"AT3G25230",320.987011135919,1.5898873015194,0.20299547964362,0.000000000000000973505135382374,0.0000000000000125626412697753,"temperature_stress_(heat_stress)","ROF1","Encodes a a high molecular weight member of the FK506 binding protein (FKBP) family. It has three FKBP12-like domains, tetratricopeptide repeats, and a putative calmodulin binding domain. Modulates thermotolerance by interacting with HSP90.1 and affecting the accumulation of HsfA2-regulated sHSPs. Belongs to one of the 36 carboxylate clamp (CC)-tetratricopeptide repeat (TPR) proteins (Prasad 2010, Pubmed ID: 20856808) with potential to interact with Hsp90/Hsp70 as co-chaperones.","Aviezer-Hagai, K., Skovorodnikova, J., Galigniana, M., Farchi-Pisanty, O., Maayan, E., Bocovza, S., ... & Breiman, A. (2007). Arabidopsis immunophilins ROF1 (AtFKBP62) and ROF2 (AtFKBP65) exhibit tissue specificity, are heat-stress induced, and bind HSP90. Plant molecular biology, 63, 237-255."
"AT4G04810",127.512916485836,0.981841655926683,0.225800944566941,0.00000542540649884079,0.0000239917897978333,"oxidative_stress","MSRB4","methionine sulfoxide reductase B4;(source:Araport11)","Vieira Dos Santos, C., Cuiné, S., Rouhier, N., & Rey, P. (2005). The Arabidopsis plastidic methionine sulfoxide reductase B proteins. Sequence and activity characteristics, comparison of the expression with plastidic methionine sulfoxide reductase A, and induction by photooxidative stress. Plant Physiology, 138(2), 909-922."
"AT4G13980",773.962713516311,-0.86021672075891,0.100616205959511,0.00000000000000000607575916121907,0.0000000000000000929591151666517,"temperature_stress_(heat_stress)","HSFA5","member of Heat Stress Transcription Factor (Hsf) family","Baniwal, S. K., Chan, K. Y., Scharf, K. D., & Nover, L. (2007). Role of heat stress transcription factor HsfA5 as specific repressor of HsfA4. Journal of Biological Chemistry, 282(6), 3605-3613.

"
"AT4G14690",37.6493132308786,3.4157818725877,0.52844938986978,0.0000000000108515766795239,0.0000000000963407351419438,"radiation_stress_(uv-b)","ELIP2","Encodes an early light-induced protein. ELIPs are thought not to be directly involved in the synthesis and assembly of specific photosynthetic complexes, but rather affect the biogenesis of all chlorophyll-binding complexes. A study (PMID 17553115) has shown that the chlorophyll synthesis pathway was downregulated as a result of constitutive ELIP2 expression, leading to decreased chlorophyll availability for the assembly of pigment-binding proteins for photosynthesis.","Samson Ezeh, O., Hayami, N., Mitai, K., Kodama, W., Iuchi, S., & Y. Yamamoto, Y. (2024). Requirement of two simultaneous environmental signals for activation of Arabidopsis ELIP2 promoter in response to high light, cold, and UV-B stresses. Plant Signaling & Behavior, 19(1), 2389496."
"AT4G18880",1094.43303741388,0.902750045905742,0.148312485184022,0.000000000545985545070267,0.0000000040237890574244,"temperature_stress_(heat_stress)","HSF A4A","Encodes a member of Heat Stress Transcription Factor(Hsf) family that is a substrate of the MPK3/MPK6 signaling and regulates stress responses.","Andrási, N., Rigó, G., Zsigmond, L., Pérez-Salamó, I., Papdi, C., Klement, E., ... & Szabados, L. (2019). The mitogen-activated protein kinase 4-phosphorylated heat shock factor A4A regulates responses to combined salt and heat stresses. Journal of Experimental Botany, 70(18), 4903-4918."
"AT4G30950",14347.5913238062,-0.530149443673073,0.0821864160466621,0.0000000000678491201409822,0.000000000554578652822213,"excess_light_stress_(photoinhibithion)","FAD6","Chloroplastic enzyme responsible for the synthesis of 16:2 and 18:2 fatty acids from galactolipids, sulpholipids and phosphatidylglycerol. Uses ferredoxin as electron donor. Gene mutation resulted in reduced level of unsaturated fatty acids leading to susceptibility to photoinhibition.","Zhang, J. T., Zhu, J. Q., Zhu, Q., Liu, H., Gao, X. S., & Zhang, H. X. (2009). Fatty acid desaturase-6 (Fad6) is required for salt tolerance in Arabidopsis thaliana. Biochemical and biophysical research communications, 390(3), 469-474."
"AT4G35000",5258.01983362749,-0.176542859319925,0.0776158360515429,0.0218025890017773,0.0471540504134427,"oxidative_stress","APX3","Encodes a microsomal ascorbate peroxidase APX3. Ascorbate peroxidases are enzymes that scavenge hydrogen peroxide in plant cells. Eight types of APX have been described for Arabidopsis: three cytosolic (APX1, APX2, APX6), two chloroplastic types (stromal sAPX, thylakoid tAPX), and three microsomal (APX3, APX4, APX5) isoforms. The APX3 protein interacts with AKR2 (ankyrin-containing protein that interacts with AFT1) and AFT1, a 14-3-3 protein.",NA
"AT4G38620",410.390099923359,1.28338768716258,0.168234915420398,0.00000000000000610713370324875,0.0000000000000739191725493646,"radiation_stress_(uv-b)","MYB4","Encodes a R2R3 MYB protein which is involved in the response to UV-B. It functions as a repressor of target gene expression. One of its target genes encodes cinnamate 4-hydroxylase; mutants accumulate sinapate esters in their leaves. MYB4 binds to its own promoter and represses its own expression. Nuclear localization of MYB4 depends on the action of the beta importin SAD2. The mRNA is cell-to-cell mobile.","Mitra, M., Agarwal, P., Kundu, A., Banerjee, V., & Roy, S. (2019). Investigation of the effect of UV-B light on Arabidopsis MYB4 (AtMYB4) transcription factor stability and detection of a putative MYB4-binding motif in the promoter proximal region of AtMYB4. PLoS One, 14(8), e0220123."
"AT5G02500",29047.9256025095,1.09724052654258,0.136115043834192,0.00000000000000022285853295609,0.00000000000000306307604925285,"temperature_stress_(heat_stress)","HSP70-1","Encodes a member of heat shock protein 70 family. Hsc70-1 negatively regulates the expression of Hsp101 through HsfA1d, HsfA1e and HsfA2. During non-HS condition, Hsc70-1 attenuates the activity of HsfAs and finally affects the expression of HsfA2 and Hsp101 genes. hsc70-1 mutant showed thermotolerance phenotype due to higher expression of Hsp101 and other HS inducible genes.","Lee, J. H., & Schöffl, F. (1996). An Hsp70 antisense gene affects the expression of HSP70/HSC70, the regulation of HSF, and the acquisition of thermotolerance in transgenic Arabidopsis thaliana. Molecular and General Genetics MGG, 252, 11-19."
"AT5G03720",293.161084357061,-0.698958365781144,0.16000392550101,0.00000703479580316042,0.0000307100747593631,"temperature_stress_(heat_stress)","HSFA3","Member of Heat Stress Transcription Factor (Hsf) family. Expression is regulated by DREB2A and in turn HSFA3 regulates the expression of hsps Hsp18.1-CI and Hsp26.5-MII35S. Involved in establishing thermotolerence.","Yoshida, T., Sakuma, Y., Todaka, D., Maruyama, K., Qin, F., Mizoi, J., ... & Yamaguchi-Shinozaki, K. (2008). Functional analysis of an Arabidopsis heat-shock transcription factor HsfA3 in the transcriptional cascade downstream of the DREB2A stress-regulatory system. Biochemical and biophysical research communications, 368(3), 515-521."
"AT5G16470",4362.34592612998,-0.775889286742264,0.0964345877422114,0.000000000000000799321130179312,0.0000000000000104361033199855,"excess_light_stress_(photoinhibithion)","MBS2","zinc finger (C2H2 type) family protein;(source:Araport11)","Shumbe, L., d'Alessandro, S., Shao, N., Chevalier, A., Ksas, B., Bock, R., & Havaux, M. (2017). METHYLENE BLUE SENSITIVITY 1 (MBS1) is required for acclimation of Arabidopsis to singlet oxygen and acts downstream of β‐cyclocitral. Plant, cell & environment, 40(2), 216-226."
"AT5G42270",18578.0633263268,-0.35141594916087,0.131244264006637,0.00538171924515263,0.0136268267201362,"excess_light_stress_(photoinhibithion)","VAR1","VAR1 contains a conserved motif for ATPase and a metalloprotease characteristic to FtsH proteins, and is targeted into chloroplasts. A VAR1-fusion protein synthesized in vitro exhibited ATPase activity and partial metalloprotease activity. This protein is located to the thylakoid membrane and forms a complex with VAR2. FtsH1 (VAR1) and FtsH5 are interchangeable in thylakoid membranes. Phosphorylation of this protein is dependent on calcium. The mRNA is cell-to-cell mobile.","Rosso, D., Bode, R., Li, W., Krol, M., Saccon, D., Wang, S., ... & Huner, N. P. (2009). Photosynthetic redox imbalance governs leaf sectoring in the Arabidopsis thaliana variegation mutants immutans, spotty, var1, and var2. The Plant Cell, 21(11), 3473-3492."
"AT5G43840",4.69027903371425,-2.13766871136062,0.993827366638465,0.00280629610165516,0.00758725207252992,"temperature_stress_(heat_stress)","HSFA6A","member of Heat Stress Transcription Factor (Hsf) family","Hwang, S. M., Kim, D. W., Woo, M. S., Jeong, H. S., Son, Y. S., Akhter, S., ... & Bahk, J. D. (2014). Functional characterization of A rabidopsis HsfA6a as a heat‐shock transcription factor under high salinity and dehydration conditions. Plant, cell & environment, 37(5), 1202-1222."
"AT5G48570",1466.50514458814,5.99812930560012,0.577261860270908,0.0000000000000000000000000139542204677011,0.000000000000000000000000390947683300692,"temperature_stress_(heat_stress)","ROF2","Encodes one of the 36 carboxylate clamp (CC)-tetratricopeptide repeat (TPR) proteins (Prasad 2010, Pubmed ID: 20856808) with potential to interact with Hsp90/Hsp70 as co-chaperones.","Aviezer-Hagai, K., Skovorodnikova, J., Galigniana, M., Farchi-Pisanty, O., Maayan, E., Bocovza, S., ... & Breiman, A. (2007). Arabidopsis immunophilins ROF1 (AtFKBP62) and ROF2 (AtFKBP65) exhibit tissue specificity, are heat-stress induced, and bind HSP90. Plant molecular biology, 63, 237-255."
"AT5G52250",260.830311805755,-2.98297650683032,0.255588623149422,0.000000000000000000000000000000016557021719747,0.000000000000000000000000000000668323004678129,"radiation_stress_(uv-b)","RUP1","Encodes a transducin protein whose gene expression is induced by UV-B. This induction is reduced in hy5 mutant and may be a target of HY5 during UV-B response. Functions as a repressor of UV-B signaling.UV-B-specific signaling component that orchestrates expression of a range of genes with vital UV-protective functions. Located in the nucleus and the cytosol. Associates with chromatin via histones. UV-B light promotes URV8 protein accumulation in the nucleus. UVR8 interaction with COP1 is negatively regulated by RUP1 and RUP2.","Gruber, H., Heijde, M., Heller, W., Albert, A., Seidlitz, H. K., & Ulm, R. (2010). Negative feedback regulation of UV-B–induced photomorphogenesis and stress acclimation in Arabidopsis. Proceedings of the National Academy of Sciences, 107(46), 20132-20137."
"AT5G58760",158.117335883288,0.900119772776432,0.186995400843803,0.000000687996877829755,0.00000347411229751543,"radiation_stress_(uv-b)","DDB2","Encodes a DDB1a interacting protein DDB2 required for UV-B tolerance and genomic integrity.","Ragab Abdel Gawwad, M., Kadunic, A., Hamzi Kaljanac, A., & Maric, A. (2017). Analysis of DNA Damage-Binding Proteins (DDBs) in Arabidopsis thalian a and their Protection of the Plant from UV Radiation. Current Proteomics, 14(2), 146-156."
"AT5G63860",6536.03257523847,-0.281310009744189,0.0969986755002898,0.00340648217331585,0.0090458351704836,"radiation_stress_(uv-b)","UVR8","UV-B-specific signaling component that orchestrates expression of a range of genes with vital UV-protective functions. Located in the nucleus and the cytosol. Associates with chromatin via histones. UV-B light promotes URV8 protein accumulation in the nucleus. UVR8 interaction with COP1 is negatively regulated by RUP1 and RUP2.","Xiong, Y., Xing, Q., & Müller-Xing, R. (2021). A novel UV-B priming system reveals an UVR8-depedent memory, which provides resistance against UV-B stress in Arabidopsis leaves. Plant Signaling & Behavior, 16(4), 1879533."
"AT5G63980",1356.26782856594,0.804037970302984,0.12302172666777,0.0000000000344065106624255,0.000000000290906933797364,"oxidative_stress","SAL1","Encodes a bifunctional protein that has 3'(2'),5'-bisphosphate nucleotidase and inositol polyphosphate 1-phosphatase activities and rescues sulfur assimilation mutants in yeast. It is involved in the response to cold, drought (negative regulator of drought tolerance), and ABA. Mutants in this gene exhibit enhanced induction of stress genes in response to cold, ABA, salt and dehydration and increased levels of 3'-phosphoadenosine 5'-phosphate (PAP). Involved in degradation of small mRNAs. Mutants also affect the accumulation of miRNA target cleavage products. Regulates light-dependent repression of hypocotyl elongation and flowering time via its 3'(2'),5'-bisphosphate nucleotidase activity. Its activity is sensitive to the redox state of its environment, decreasing under oxidative conditions and is regulated by dimerization and intra and inter-molecular disulfide bond formation.","Chan, K. X., Mabbitt, P. D., Phua, S. Y., Mueller, J. W., Nisar, N., Gigolashvili, T., ... & Pogson, B. J. (2016). Sensing and signaling of oxidative stress in chloroplasts by inactivation of the SAL1 phosphoadenosine phosphatase. Proceedings of the National Academy of Sciences, 113(31), E4567-E4576."
"AT5G66570",151024.424438537,-0.75471976704189,0.114117215809756,0.0000000000209549748079594,0.000000000181498495362091,"excess_light_stress_(photoinhibithion)","PSBO1","Encodes a protein which is an extrinsic subunit of photosystem II and which has been proposed to play a central role in stabilization of the catalytic manganese cluster. In Arabidopsis thaliana the PsbO proteins are encoded by two genes: psbO1 and psbO2. PsbO1 is the major isoform in the wild-type. In plsp1-1 mutant plastids, the nonmature form of the protein localizes in the membrane. The mRNA is cell-to-cell mobile.","Allahverdiyeva, Y., Mamedov, F., Holmström, M., Nurmi, M., Lundin, B., Styring, S., ... & Aro, E. M. (2009). Comparison of the electron transport properties of the psbo1 and psbo2 mutants of Arabidopsis thaliana. Biochimica et Biophysica Acta (BBA)-Bioenergetics, 1787(10), 1230-1237."
